name,rename
jcarpent,Justin Carpentier
EtienneAr,Etienne Arlaud
Mansard,Nicolas Mansard
fabinsch,Fabian Schramm
SCHRAMM Fabian,Fabian Schramm
Wilson,Wilson Jallet
JALLET Wilson,Wilson Jallet
ManifoldFR,Wilson Jallet
fvalenza,Florian Valenza
Valenza Florian,Florian Valenza
BAMBADE Antoine,Antoine Bambade
Bambade,Antoine Bambade
sarah,Sarah El-Kazdadi
lmontaut,Louis Montaut
Ale,Alessandro Assirell
rstrudel,Robin Strudel
LE LIDEC Quentin,Quentin Le Lidec
quentinldc,Quentin Le Lidec
LudovicDeMatteis,Ludovic De Matteis
panjia1983,Jia Pan
jpan,Jia Pan
LucileRemigy,Lucile Remigy
shubhamsingh91,Shubham Singh
swtyree,Stephen Tyree
ylabbe,Yann Labbe
MedericFourmy,Mederic Fourmy
mfourmy,Mederic Fourmy
azad96,Azad Baykara
hassony2,Yana Hasson
ElliotMaitre,Elliot Maître
Elliot Maitre,Elliot Maître
ElliotMaître,Elliot Maître
